Upper tier local authorities Code,Upper tier local authorities,Religion (10 categories) Code,Religion (10 categories),Observation
E06000001,Hartlepool,-8,Does not apply,0
E06000001,Hartlepool,1,No religion,36995
E06000001,Hartlepool,2,Christian,48495
E06000001,Hartlepool,3,Buddhist,180
E06000001,Hartlepool,4,Hindu,222
E06000001,Hartlepool,5,Jewish,27
E06000001,Hartlepool,6,Muslim,1213
E06000001,Hartlepool,7,Sikh,166
E06000001,Hartlepool,8,Other religion,285
E06000001,Hartlepool,9,Not answered,4755
E06000002,Middlesbrough,-8,Does not apply,0
E06000002,Middlesbrough,1,No religion,52415
E06000002,Middlesbrough,2,Christian,66143
E06000002,Middlesbrough,3,Buddhist,437
E06000002,Middlesbrough,4,Hindu,1436
E06000002,Middlesbrough,5,Jewish,41
E06000002,Middlesbrough,6,Muslim,14703
E06000002,Middlesbrough,7,Sikh,606
E06000002,Middlesbrough,8,Other religion,460
E06000002,Middlesbrough,9,Not answered,7683
E06000003,Redcar and Cleveland,-8,Does not apply,0
E06000003,Redcar and Cleveland,1,No religion,54921
E06000003,Redcar and Cleveland,2,Christian,72359
E06000003,Redcar and Cleveland,3,Buddhist,280
E06000003,Redcar and Cleveland,4,Hindu,139
E06000003,Redcar and Cleveland,5,Jewish,37
E06000003,Redcar and Cleveland,6,Muslim,984
E06000003,Redcar and Cleveland,7,Sikh,70
E06000003,Redcar and Cleveland,8,Other religion,491
E06000003,Redcar and Cleveland,9,Not answered,7248
E06000004,Stockton-on-Tees,-8,Does not apply,0
E06000004,Stockton-on-Tees,1,No religion,76840
E06000004,Stockton-on-Tees,2,Christian,100420
E06000004,Stockton-on-Tees,3,Buddhist,532
E06000004,Stockton-on-Tees,4,Hindu,811
E06000004,Stockton-on-Tees,5,Jewish,61
E06000004,Stockton-on-Tees,6,Muslim,6675
E06000004,Stockton-on-Tees,7,Sikh,782
E06000004,Stockton-on-Tees,8,Other religion,550
E06000004,Stockton-on-Tees,9,Not answered,9924
E06000005,Darlington,-8,Does not apply,0
E06000005,Darlington,1,No religion,42780
E06000005,Darlington,2,Christian,56194
E06000005,Darlington,3,Buddhist,344
E06000005,Darlington,4,Hindu,453
E06000005,Darlington,5,Jewish,36
E06000005,Darlington,6,Muslim,1849
E06000005,Darlington,7,Sikh,443
E06000005,Darlington,8,Other religion,404
E06000005,Darlington,9,Not answered,5296
E06000006,Halton,-8,Does not apply,0
E06000006,Halton,1,No religion,45261
E06000006,Halton,2,Christian,75269
E06000006,Halton,3,Buddhist,291
E06000006,Halton,4,Hindu,327
E06000006,Halton,5,Jewish,46
E06000006,Halton,6,Muslim,805
E06000006,Halton,7,Sikh,80
E06000006,Halton,8,Other religion,453
E06000006,Halton,9,Not answered,5946
E06000007,Warrington,-8,Does not apply,0
E06000007,Warrington,1,No religion,73042
E06000007,Warrington,2,Christian,119650
E06000007,Warrington,3,Buddhist,605
E06000007,Warrington,4,Hindu,1495
E06000007,Warrington,5,Jewish,190
E06000007,Warrington,6,Muslim,3686
E06000007,Warrington,7,Sikh,478
E06000007,Warrington,8,Other religion,794
E06000007,Warrington,9,Not answered,11034
E06000008,Blackburn with Darwen,-8,Does not apply,0
E06000008,Blackburn with Darwen,1,No religion,32717
E06000008,Blackburn with Darwen,2,Christian,58793
E06000008,Blackburn with Darwen,3,Buddhist,262
E06000008,Blackburn with Darwen,4,Hindu,483
E06000008,Blackburn with Darwen,5,Jewish,49
E06000008,Blackburn with Darwen,6,Muslim,54146
E06000008,Blackburn with Darwen,7,Sikh,139
E06000008,Blackburn with Darwen,8,Other religion,439
E06000008,Blackburn with Darwen,9,Not answered,7711
E06000009,Blackpool,-8,Does not apply,0
E06000009,Blackpool,1,No religion,57812
E06000009,Blackpool,2,Christian,71698
E06000009,Blackpool,3,Buddhist,500
E06000009,Blackpool,4,Hindu,511
E06000009,Blackpool,5,Jewish,227
E06000009,Blackpool,6,Muslim,2004
E06000009,Blackpool,7,Sikh,109
E06000009,Blackpool,8,Other religion,707
E06000009,Blackpool,9,Not answered,7468
E06000010,Kingston upon Hull,-8,Does not apply,0
E06000010,Kingston upon Hull,1,No religion,131424
E06000010,Kingston upon Hull,2,Christian,106411
E06000010,Kingston upon Hull,3,Buddhist,746
E06000010,Kingston upon Hull,4,Hindu,646
E06000010,Kingston upon Hull,5,Jewish,146
E06000010,Kingston upon Hull,6,Muslim,9285
E06000010,Kingston upon Hull,7,Sikh,277
E06000010,Kingston upon Hull,8,Other religion,1124
E06000010,Kingston upon Hull,9,Not answered,16957
E06000011,East Riding of Yorkshire,-8,Does not apply,0
E06000011,East Riding of Yorkshire,1,No religion,133916
E06000011,East Riding of Yorkshire,2,Christian,182396
E06000011,East Riding of Yorkshire,3,Buddhist,885
E06000011,East Riding of Yorkshire,4,Hindu,758
E06000011,East Riding of Yorkshire,5,Jewish,284
E06000011,East Riding of Yorkshire,6,Muslim,1966
E06000011,East Riding of Yorkshire,7,Sikh,227
E06000011,East Riding of Yorkshire,8,Other religion,1224
E06000011,East Riding of Yorkshire,9,Not answered,20560
E06000012,North East Lincolnshire,-8,Does not apply,0
E06000012,North East Lincolnshire,1,No religion,73008
E06000012,North East Lincolnshire,2,Christian,71063
E06000012,North East Lincolnshire,3,Buddhist,417
E06000012,North East Lincolnshire,4,Hindu,425
E06000012,North East Lincolnshire,5,Jewish,79
E06000012,North East Lincolnshire,6,Muslim,1922
E06000012,North East Lincolnshire,7,Sikh,183
E06000012,North East Lincolnshire,8,Other religion,653
E06000012,North East Lincolnshire,9,Not answered,9218
E06000013,North Lincolnshire,-8,Does not apply,0
E06000013,North Lincolnshire,1,No religion,65581
E06000013,North Lincolnshire,2,Christian,88455
E06000013,North Lincolnshire,3,Buddhist,406
E06000013,North Lincolnshire,4,Hindu,418
E06000013,North Lincolnshire,5,Jewish,49
E06000013,North Lincolnshire,6,Muslim,4201
E06000013,North Lincolnshire,7,Sikh,566
E06000013,North Lincolnshire,8,Other religion,614
E06000013,North Lincolnshire,9,Not answered,9390
E06000014,York,-8,Does not apply,0
E06000014,York,1,No religion,93577
E06000014,York,2,Christian,89019
E06000014,York,3,Buddhist,1045
E06000014,York,4,Hindu,1043
E06000014,York,5,Jewish,273
E06000014,York,6,Muslim,2488
E06000014,York,7,Sikh,179
E06000014,York,8,Other religion,1266
E06000014,York,9,Not answered,13930
E06000015,Derby,-8,Does not apply,0
E06000015,Derby,1,No religion,95639
E06000015,Derby,2,Christian,104969
E06000015,Derby,3,Buddhist,828
E06000015,Derby,4,Hindu,3065
E06000015,Derby,5,Jewish,150
E06000015,Derby,6,Muslim,29137
E06000015,Derby,7,Sikh,9762
E06000015,Derby,8,Other religion,1297
E06000015,Derby,9,Not answered,16517
E06000016,Leicester,-8,Does not apply,0
E06000016,Leicester,1,No religion,84607
E06000016,Leicester,2,Christian,91161
E06000016,Leicester,3,Buddhist,1181
E06000016,Leicester,4,Hindu,65821
E06000016,Leicester,5,Jewish,326
E06000016,Leicester,6,Muslim,86443
E06000016,Leicester,7,Sikh,16451
E06000016,Leicester,8,Other religion,2075
E06000016,Leicester,9,Not answered,20509
E06000017,Rutland,-8,Does not apply,0
E06000017,Rutland,1,No religion,15239
E06000017,Rutland,2,Christian,22728
E06000017,Rutland,3,Buddhist,150
E06000017,Rutland,4,Hindu,125
E06000017,Rutland,5,Jewish,53
E06000017,Rutland,6,Muslim,258
E06000017,Rutland,7,Sikh,67
E06000017,Rutland,8,Other religion,201
E06000017,Rutland,9,Not answered,2231
E06000018,Nottingham,-8,Does not apply,0
E06000018,Nottingham,1,No religion,133403
E06000018,Nottingham,2,Christian,112200
E06000018,Nottingham,3,Buddhist,1671
E06000018,Nottingham,4,Hindu,5403
E06000018,Nottingham,5,Jewish,941
E06000018,Nottingham,6,Muslim,39540
E06000018,Nottingham,7,Sikh,4110
E06000018,Nottingham,8,Other religion,2263
E06000018,Nottingham,9,Not answered,24099
E06000019,Herefordshire,-8,Does not apply,0
E06000019,Herefordshire,1,No religion,68475
E06000019,Herefordshire,2,Christian,102614
E06000019,Herefordshire,3,Buddhist,646
E06000019,Herefordshire,4,Hindu,384
E06000019,Herefordshire,5,Jewish,142
E06000019,Herefordshire,6,Muslim,790
E06000019,Herefordshire,7,Sikh,117
E06000019,Herefordshire,8,Other religion,904
E06000019,Herefordshire,9,Not answered,12962
E06000020,Telford and Wrekin,-8,Does not apply,0
E06000020,Telford and Wrekin,1,No religion,75965
E06000020,Telford and Wrekin,2,Christian,88275
E06000020,Telford and Wrekin,3,Buddhist,597
E06000020,Telford and Wrekin,4,Hindu,1352
E06000020,Telford and Wrekin,5,Jewish,78
E06000020,Telford and Wrekin,6,Muslim,5043
E06000020,Telford and Wrekin,7,Sikh,2851
E06000020,Telford and Wrekin,8,Other religion,933
E06000020,Telford and Wrekin,9,Not answered,10448
E06000021,Stoke-on-Trent,-8,Does not apply,0
E06000021,Stoke-on-Trent,1,No religion,97433
E06000021,Stoke-on-Trent,2,Christian,118434
E06000021,Stoke-on-Trent,3,Buddhist,811
E06000021,Stoke-on-Trent,4,Hindu,1356
E06000021,Stoke-on-Trent,5,Jewish,83
E06000021,Stoke-on-Trent,6,Muslim,23790
E06000021,Stoke-on-Trent,7,Sikh,602
E06000021,Stoke-on-Trent,8,Other religion,1150
E06000021,Stoke-on-Trent,9,Not answered,14710
E06000022,Bath and North East Somerset,-8,Does not apply,0
E06000022,Bath and North East Somerset,1,No religion,92567
E06000022,Bath and North East Somerset,2,Christian,81553
E06000022,Bath and North East Somerset,3,Buddhist,996
E06000022,Bath and North East Somerset,4,Hindu,875
E06000022,Bath and North East Somerset,5,Jewish,325
E06000022,Bath and North East Somerset,6,Muslim,1909
E06000022,Bath and North East Somerset,7,Sikh,162
E06000022,Bath and North East Somerset,8,Other religion,1097
E06000022,Bath and North East Somerset,9,Not answered,13930
E06000023,Bristol,-8,Does not apply,0
E06000023,Bristol,1,No religion,242864
E06000023,Bristol,2,Christian,152126
E06000023,Bristol,3,Buddhist,2710
E06000023,Bristol,4,Hindu,3545
E06000023,Bristol,5,Jewish,1228
E06000023,Bristol,6,Muslim,31776
E06000023,Bristol,7,Sikh,2247
E06000023,Bristol,8,Other religion,3546
E06000023,Bristol,9,Not answered,32423
E06000024,North Somerset,-8,Does not apply,0
E06000024,North Somerset,1,No religion,98085
E06000024,North Somerset,2,Christian,100990
E06000024,North Somerset,3,Buddhist,695
E06000024,North Somerset,4,Hindu,468
E06000024,North Somerset,5,Jewish,166
E06000024,North Somerset,6,Muslim,1346
E06000024,North Somerset,7,Sikh,117
E06000024,North Somerset,8,Other religion,1166
E06000024,North Somerset,9,Not answered,13696
E06000025,South Gloucestershire,-8,Does not apply,0
E06000025,South Gloucestershire,1,No religion,133749
E06000025,South Gloucestershire,2,Christian,128014
E06000025,South Gloucestershire,3,Buddhist,1056
E06000025,South Gloucestershire,4,Hindu,2896
E06000025,South Gloucestershire,5,Jewish,173
E06000025,South Gloucestershire,6,Muslim,4720
E06000025,South Gloucestershire,7,Sikh,1006
E06000025,South Gloucestershire,8,Other religion,1319
E06000025,South Gloucestershire,9,Not answered,17492
E06000026,Plymouth,-8,Does not apply,0
E06000026,Plymouth,1,No religion,129338
E06000026,Plymouth,2,Christian,112526
E06000026,Plymouth,3,Buddhist,1018
E06000026,Plymouth,4,Hindu,814
E06000026,Plymouth,5,Jewish,207
E06000026,Plymouth,6,Muslim,3474
E06000026,Plymouth,7,Sikh,96
E06000026,Plymouth,8,Other religion,1527
E06000026,Plymouth,9,Not answered,15695
E06000027,Torbay,-8,Does not apply,0
E06000027,Torbay,1,No religion,60178
E06000027,Torbay,2,Christian,67634
E06000027,Torbay,3,Buddhist,553
E06000027,Torbay,4,Hindu,223
E06000027,Torbay,5,Jewish,141
E06000027,Torbay,6,Muslim,788
E06000027,Torbay,7,Sikh,60
E06000027,Torbay,8,Other religion,976
E06000027,Torbay,9,Not answered,8771
E06000030,Swindon,-8,Does not apply,0
E06000030,Swindon,1,No religion,94559
E06000030,Swindon,2,Christian,108778
E06000030,Swindon,3,Buddhist,1700
E06000030,Swindon,4,Hindu,5865
E06000030,Swindon,5,Jewish,131
E06000030,Swindon,6,Muslim,6310
E06000030,Swindon,7,Sikh,1448
E06000030,Swindon,8,Other religion,1514
E06000030,Swindon,9,Not answered,13105
E06000031,Peterborough,-8,Does not apply,0
E06000031,Peterborough,1,No religion,70066
E06000031,Peterborough,2,Christian,99802
E06000031,Peterborough,3,Buddhist,617
E06000031,Peterborough,4,Hindu,3813
E06000031,Peterborough,5,Jewish,185
E06000031,Peterborough,6,Muslim,26239
E06000031,Peterborough,7,Sikh,1348
E06000031,Peterborough,8,Other religion,999
E06000031,Peterborough,9,Not answered,12604
E06000032,Luton,-8,Does not apply,0
E06000032,Luton,1,No religion,39580
E06000032,Luton,2,Christian,85297
E06000032,Luton,3,Buddhist,664
E06000032,Luton,4,Hindu,7438
E06000032,Luton,5,Jewish,246
E06000032,Luton,6,Muslim,74191
E06000032,Luton,7,Sikh,3032
E06000032,Luton,8,Other religion,1115
E06000032,Luton,9,Not answered,13697
E06000033,Southend-on-Sea,-8,Does not apply,0
E06000033,Southend-on-Sea,1,No religion,81187
E06000033,Southend-on-Sea,2,Christian,76884
E06000033,Southend-on-Sea,3,Buddhist,953
E06000033,Southend-on-Sea,4,Hindu,2057
E06000033,Southend-on-Sea,5,Jewish,2057
E06000033,Southend-on-Sea,6,Muslim,5461
E06000033,Southend-on-Sea,7,Sikh,203
E06000033,Southend-on-Sea,8,Other religion,1128
E06000033,Southend-on-Sea,9,Not answered,10756
E06000034,Thurrock,-8,Does not apply,0
E06000034,Thurrock,1,No religion,61043
E06000034,Thurrock,2,Christian,90940
E06000034,Thurrock,3,Buddhist,703
E06000034,Thurrock,4,Hindu,2376
E06000034,Thurrock,5,Jewish,225
E06000034,Thurrock,6,Muslim,8586
E06000034,Thurrock,7,Sikh,2030
E06000034,Thurrock,8,Other religion,901
E06000034,Thurrock,9,Not answered,9196
E06000035,Medway,-8,Does not apply,0
E06000035,Medway,1,No religion,120309
E06000035,Medway,2,Christian,126097
E06000035,Medway,3,Buddhist,999
E06000035,Medway,4,Hindu,3172
E06000035,Medway,5,Jewish,217
E06000035,Medway,6,Muslim,7636
E06000035,Medway,7,Sikh,4363
E06000035,Medway,8,Other religion,1705
E06000035,Medway,9,Not answered,15273
E06000036,Bracknell Forest,-8,Does not apply,0
E06000036,Bracknell Forest,1,No religion,50300
E06000036,Bracknell Forest,2,Christian,59141
E06000036,Bracknell Forest,3,Buddhist,1039
E06000036,Bracknell Forest,4,Hindu,2942
E06000036,Bracknell Forest,5,Jewish,190
E06000036,Bracknell Forest,6,Muslim,2216
E06000036,Bracknell Forest,7,Sikh,1055
E06000036,Bracknell Forest,8,Other religion,743
E06000036,Bracknell Forest,9,Not answered,6981
E06000037,West Berkshire,-8,Does not apply,0
E06000037,West Berkshire,1,No religion,66290
E06000037,West Berkshire,2,Christian,79217
E06000037,West Berkshire,3,Buddhist,552
E06000037,West Berkshire,4,Hindu,2083
E06000037,West Berkshire,5,Jewish,236
E06000037,West Berkshire,6,Muslim,2107
E06000037,West Berkshire,7,Sikh,367
E06000037,West Berkshire,8,Other religion,705
E06000037,West Berkshire,9,Not answered,9891
E06000038,Reading,-8,Does not apply,0
E06000038,Reading,1,No religion,63287
E06000038,Reading,2,Christian,68988
E06000038,Reading,3,Buddhist,2887
E06000038,Reading,4,Hindu,8757
E06000038,Reading,5,Jewish,329
E06000038,Reading,6,Muslim,15481
E06000038,Reading,7,Sikh,1194
E06000038,Reading,8,Other religion,1241
E06000038,Reading,9,Not answered,12062
E06000039,Slough,-8,Does not apply,0
E06000039,Slough,1,No religion,20726
E06000039,Slough,2,Christian,50664
E06000039,Slough,3,Buddhist,776
E06000039,Slough,4,Hindu,12343
E06000039,Slough,5,Jewish,85
E06000039,Slough,6,Muslim,46661
E06000039,Slough,7,Sikh,17985
E06000039,Slough,8,Other religion,716
E06000039,Slough,9,Not answered,8544
E06000040,Windsor and Maidenhead,-8,Does not apply,0
E06000040,Windsor and Maidenhead,1,No religion,47641
E06000040,Windsor and Maidenhead,2,Christian,76514
E06000040,Windsor and Maidenhead,3,Buddhist,870
E06000040,Windsor and Maidenhead,4,Hindu,4706
E06000040,Windsor and Maidenhead,5,Jewish,521
E06000040,Windsor and Maidenhead,6,Muslim,8607
E06000040,Windsor and Maidenhead,7,Sikh,4517
E06000040,Windsor and Maidenhead,8,Other religion,694
E06000040,Windsor and Maidenhead,9,Not answered,9426
E06000041,Wokingham,-8,Does not apply,0
E06000041,Wokingham,1,No religion,65428
E06000041,Wokingham,2,Christian,79389
E06000041,Wokingham,3,Buddhist,881
E06000041,Wokingham,4,Hindu,8464
E06000041,Wokingham,5,Jewish,435
E06000041,Wokingham,6,Muslim,8597
E06000041,Wokingham,7,Sikh,2992
E06000041,Wokingham,8,Other religion,775
E06000041,Wokingham,9,Not answered,10544
E06000042,Milton Keynes,-8,Does not apply,0
E06000042,Milton Keynes,1,No religion,108953
E06000042,Milton Keynes,2,Christian,122935
E06000042,Milton Keynes,3,Buddhist,1404
E06000042,Milton Keynes,4,Hindu,12911
E06000042,Milton Keynes,5,Jewish,383
E06000042,Milton Keynes,6,Muslim,20484
E06000042,Milton Keynes,7,Sikh,1959
E06000042,Milton Keynes,8,Other religion,1558
E06000042,Milton Keynes,9,Not answered,16473
E06000043,Brighton and Hove,-8,Does not apply,0
E06000043,Brighton and Hove,1,No religion,152966
E06000043,Brighton and Hove,2,Christian,85629
E06000043,Brighton and Hove,3,Buddhist,2455
E06000043,Brighton and Hove,4,Hindu,2100
E06000043,Brighton and Hove,5,Jewish,2455
E06000043,Brighton and Hove,6,Muslim,8500
E06000043,Brighton and Hove,7,Sikh,378
E06000043,Brighton and Hove,8,Other religion,2860
E06000043,Brighton and Hove,9,Not answered,19760
E06000044,Portsmouth,-8,Does not apply,0
E06000044,Portsmouth,1,No religion,97887
E06000044,Portsmouth,2,Christian,81939
E06000044,Portsmouth,3,Buddhist,1077
E06000044,Portsmouth,4,Hindu,1596
E06000044,Portsmouth,5,Jewish,200
E06000044,Portsmouth,6,Muslim,10174
E06000044,Portsmouth,7,Sikh,459
E06000044,Portsmouth,8,Other religion,1259
E06000044,Portsmouth,9,Not answered,13413
E06000045,Southampton,-8,Does not apply,0
E06000045,Southampton,1,No religion,108000
E06000045,Southampton,2,Christian,99910
E06000045,Southampton,3,Buddhist,1333
E06000045,Southampton,4,Hindu,3265
E06000045,Southampton,5,Jewish,254
E06000045,Southampton,6,Muslim,13893
E06000045,Southampton,7,Sikh,4192
E06000045,Southampton,8,Other religion,1663
E06000045,Southampton,9,Not answered,16412
E06000046,Isle of Wight,-8,Does not apply,0
E06000046,Isle of Wight,1,No religion,61721
E06000046,Isle of Wight,2,Christian,67005
E06000046,Isle of Wight,3,Buddhist,499
E06000046,Isle of Wight,4,Hindu,257
E06000046,Isle of Wight,5,Jewish,136
E06000046,Isle of Wight,6,Muslim,593
E06000046,Isle of Wight,7,Sikh,39
E06000046,Isle of Wight,8,Other religion,1111
E06000046,Isle of Wight,9,Not answered,9099
E06000047,County Durham,-8,Does not apply,0
E06000047,County Durham,1,No religion,201688
E06000047,County Durham,2,Christian,285167
E06000047,County Durham,3,Buddhist,1290
E06000047,County Durham,4,Hindu,990
E06000047,County Durham,5,Jewish,286
E06000047,County Durham,6,Muslim,2922
E06000047,County Durham,7,Sikh,839
E06000047,County Durham,8,Other religion,2198
E06000047,County Durham,9,Not answered,26687
E06000049,Cheshire East,-8,Does not apply,0
E06000049,Cheshire East,1,No religion,150257
E06000049,Cheshire East,2,Christian,216629
E06000049,Cheshire East,3,Buddhist,1314
E06000049,Cheshire East,4,Hindu,2046
E06000049,Cheshire East,5,Jewish,640
E06000049,Cheshire East,6,Muslim,4140
E06000049,Cheshire East,7,Sikh,371
E06000049,Cheshire East,8,Other religion,1558
E06000049,Cheshire East,9,Not answered,21815
E06000050,Cheshire West and Chester,-8,Does not apply,0
E06000050,Cheshire West and Chester,1,No religion,135025
E06000050,Cheshire West and Chester,2,Christian,194705
E06000050,Cheshire West and Chester,3,Buddhist,1074
E06000050,Cheshire West and Chester,4,Hindu,1551
E06000050,Cheshire West and Chester,5,Jewish,288
E06000050,Cheshire West and Chester,6,Muslim,3506
E06000050,Cheshire West and Chester,7,Sikh,251
E06000050,Cheshire West and Chester,8,Other religion,1238
E06000050,Cheshire West and Chester,9,Not answered,19512
E06000051,Shropshire,-8,Does not apply,0
E06000051,Shropshire,1,No religion,119573
E06000051,Shropshire,2,Christian,179516
E06000051,Shropshire,3,Buddhist,895
E06000051,Shropshire,4,Hindu,557
E06000051,Shropshire,5,Jewish,182
E06000051,Shropshire,6,Muslim,1708
E06000051,Shropshire,7,Sikh,760
E06000051,Shropshire,8,Other religion,1482
E06000051,Shropshire,9,Not answered,18931
E06000052,Cornwall,-8,Does not apply,0
E06000052,Cornwall,1,No religion,264037
E06000052,Cornwall,2,Christian,259145
E06000052,Cornwall,3,Buddhist,2079
E06000052,Cornwall,4,Hindu,547
E06000052,Cornwall,5,Jewish,507
E06000052,Cornwall,6,Muslim,1333
E06000052,Cornwall,7,Sikh,130
E06000052,Cornwall,8,Other religion,4393
E06000052,Cornwall,9,Not answered,38134
E06000053,Isles of Scilly,-8,Does not apply,0
E06000053,Isles of Scilly,1,No religion,950
E06000053,Isles of Scilly,2,Christian,967
E06000053,Isles of Scilly,3,Buddhist,3
E06000053,Isles of Scilly,4,Hindu,1
E06000053,Isles of Scilly,5,Jewish,1
E06000053,Isles of Scilly,6,Muslim,0
E06000053,Isles of Scilly,7,Sikh,0
E06000053,Isles of Scilly,8,Other religion,7
E06000053,Isles of Scilly,9,Not answered,125
E06000054,Wiltshire,-8,Does not apply,0
E06000054,Wiltshire,1,No religion,210601
E06000054,Wiltshire,2,Christian,256160
E06000054,Wiltshire,3,Buddhist,2521
E06000054,Wiltshire,4,Hindu,2670
E06000054,Wiltshire,5,Jewish,458
E06000054,Wiltshire,6,Muslim,3508
E06000054,Wiltshire,7,Sikh,483
E06000054,Wiltshire,8,Other religion,3224
E06000054,Wiltshire,9,Not answered,30709
E06000055,Bedford,-8,Does not apply,0
E06000055,Bedford,1,No religion,63243
E06000055,Bedford,2,Christian,88178
E06000055,Bedford,3,Buddhist,629
E06000055,Bedford,4,Hindu,3045
E06000055,Bedford,5,Jewish,232
E06000055,Bedford,6,Muslim,13059
E06000055,Bedford,7,Sikh,4114
E06000055,Bedford,8,Other religion,2014
E06000055,Bedford,9,Not answered,10711
E06000056,Central Bedfordshire,-8,Does not apply,0
E06000056,Central Bedfordshire,1,No religion,126001
E06000056,Central Bedfordshire,2,Christian,140903
E06000056,Central Bedfordshire,3,Buddhist,996
E06000056,Central Bedfordshire,4,Hindu,3035
E06000056,Central Bedfordshire,5,Jewish,620
E06000056,Central Bedfordshire,6,Muslim,3965
E06000056,Central Bedfordshire,7,Sikh,1399
E06000056,Central Bedfordshire,8,Other religion,1362
E06000056,Central Bedfordshire,9,Not answered,15971
E06000057,Northumberland,-8,Does not apply,0
E06000057,Northumberland,1,No religion,128703
E06000057,Northumberland,2,Christian,170668
E06000057,Northumberland,3,Buddhist,752
E06000057,Northumberland,4,Hindu,446
E06000057,Northumberland,5,Jewish,172
E06000057,Northumberland,6,Muslim,1635
E06000057,Northumberland,7,Sikh,654
E06000057,Northumberland,8,Other religion,1353
E06000057,Northumberland,9,Not answered,16181
E06000058,"Bournemouth, Christchurch and Poole",-8,Does not apply,0
E06000058,"Bournemouth, Christchurch and Poole",1,No religion,168852
E06000058,"Bournemouth, Christchurch and Poole",2,Christian,187448
E06000058,"Bournemouth, Christchurch and Poole",3,Buddhist,2022
E06000058,"Bournemouth, Christchurch and Poole",4,Hindu,2841
E06000058,"Bournemouth, Christchurch and Poole",5,Jewish,1601
E06000058,"Bournemouth, Christchurch and Poole",6,Muslim,6645
E06000058,"Bournemouth, Christchurch and Poole",7,Sikh,267
E06000058,"Bournemouth, Christchurch and Poole",8,Other religion,2944
E06000058,"Bournemouth, Christchurch and Poole",9,Not answered,27572
E06000059,Dorset,-8,Does not apply,0
E06000059,Dorset,1,No religion,152267
E06000059,Dorset,2,Christian,195676
E06000059,Dorset,3,Buddhist,1613
E06000059,Dorset,4,Hindu,714
E06000059,Dorset,5,Jewish,453
E06000059,Dorset,6,Muslim,1562
E06000059,Dorset,7,Sikh,117
E06000059,Dorset,8,Other religion,2361
E06000059,Dorset,9,Not answered,24816
E06000060,Buckinghamshire,-8,Does not apply,0
E06000060,Buckinghamshire,1,No religion,189204
E06000060,Buckinghamshire,2,Christian,260961
E06000060,Buckinghamshire,3,Buddhist,2914
E06000060,Buckinghamshire,4,Hindu,14896
E06000060,Buckinghamshire,5,Jewish,1688
E06000060,Buckinghamshire,6,Muslim,38740
E06000060,Buckinghamshire,7,Sikh,8811
E06000060,Buckinghamshire,8,Other religion,2587
E06000060,Buckinghamshire,9,Not answered,33275
E06000061,North Northamptonshire,-8,Does not apply,0
E06000061,North Northamptonshire,1,No religion,152998
E06000061,North Northamptonshire,2,Christian,172329
E06000061,North Northamptonshire,3,Buddhist,1095
E06000061,North Northamptonshire,4,Hindu,4540
E06000061,North Northamptonshire,5,Jewish,291
E06000061,North Northamptonshire,6,Muslim,4373
E06000061,North Northamptonshire,7,Sikh,1787
E06000061,North Northamptonshire,8,Other religion,1900
E06000061,North Northamptonshire,9,Not answered,20212
E06000062,West Northamptonshire,-8,Does not apply,0
E06000062,West Northamptonshire,1,No religion,162751
E06000062,West Northamptonshire,2,Christian,210553
E06000062,West Northamptonshire,3,Buddhist,1515
E06000062,West Northamptonshire,4,Hindu,5431
E06000062,West Northamptonshire,5,Jewish,430
E06000062,West Northamptonshire,6,Muslim,14694
E06000062,West Northamptonshire,7,Sikh,1791
E06000062,West Northamptonshire,8,Other religion,2406
E06000062,West Northamptonshire,9,Not answered,26154
E08000001,Bolton,-8,Does not apply,0
E08000001,Bolton,1,No religion,76244
E08000001,Bolton,2,Christian,139144
E08000001,Bolton,3,Buddhist,576
E08000001,Bolton,4,Hindu,5887
E08000001,Bolton,5,Jewish,159
E08000001,Bolton,6,Muslim,58997
E08000001,Bolton,7,Sikh,219
E08000001,Bolton,8,Other religion,979
E08000001,Bolton,9,Not answered,13758
E08000002,Bury,-8,Does not apply,0
E08000002,Bury,1,No religion,57008
E08000002,Bury,2,Christian,94669
E08000002,Bury,3,Buddhist,508
E08000002,Bury,4,Hindu,874
E08000002,Bury,5,Jewish,10734
E08000002,Bury,6,Muslim,19243
E08000002,Bury,7,Sikh,575
E08000002,Bury,8,Other religion,649
E08000002,Bury,9,Not answered,9591
E08000003,Manchester,-8,Does not apply,0
E08000003,Manchester,1,No religion,179037
E08000003,Manchester,2,Christian,199873
E08000003,Manchester,3,Buddhist,3219
E08000003,Manchester,4,Hindu,6048
E08000003,Manchester,5,Jewish,2632
E08000003,Manchester,6,Muslim,122962
E08000003,Manchester,7,Sikh,2718
E08000003,Manchester,8,Other religion,2736
E08000003,Manchester,9,Not answered,32713
E08000004,Oldham,-8,Does not apply,0
E08000004,Oldham,1,No religion,60507
E08000004,Oldham,2,Christian,108720
E08000004,Oldham,3,Buddhist,468
E08000004,Oldham,4,Hindu,1222
E08000004,Oldham,5,Jewish,146
E08000004,Oldham,6,Muslim,59031
E08000004,Oldham,7,Sikh,132
E08000004,Oldham,8,Other religion,589
E08000004,Oldham,9,Not answered,11273
E08000005,Rochdale,-8,Does not apply,0
E08000005,Rochdale,1,No religion,64349
E08000005,Rochdale,2,Christian,104841
E08000005,Rochdale,3,Buddhist,398
E08000005,Rochdale,4,Hindu,613
E08000005,Rochdale,5,Jewish,218
E08000005,Rochdale,6,Muslim,42121
E08000005,Rochdale,7,Sikh,191
E08000005,Rochdale,8,Other religion,675
E08000005,Rochdale,9,Not answered,10366
E08000006,Salford,-8,Does not apply,0
E08000006,Salford,1,No religion,96140
E08000006,Salford,2,Christian,128785
E08000006,Salford,3,Buddhist,1022
E08000006,Salford,4,Hindu,2113
E08000006,Salford,5,Jewish,10373
E08000006,Salford,6,Muslim,13542
E08000006,Salford,7,Sikh,728
E08000006,Salford,8,Other religion,1068
E08000006,Salford,9,Not answered,16152
E08000007,Stockport,-8,Does not apply,0
E08000007,Stockport,1,No religion,116749
E08000007,Stockport,2,Christian,139951
E08000007,Stockport,3,Buddhist,964
E08000007,Stockport,4,Hindu,2388
E08000007,Stockport,5,Jewish,1234
E08000007,Stockport,6,Muslim,16332
E08000007,Stockport,7,Sikh,503
E08000007,Stockport,8,Other religion,1207
E08000007,Stockport,9,Not answered,15445
E08000008,Tameside,-8,Does not apply,0
E08000008,Tameside,1,No religion,87910
E08000008,Tameside,2,Christian,110539
E08000008,Tameside,3,Buddhist,588
E08000008,Tameside,4,Hindu,3096
E08000008,Tameside,5,Jewish,87
E08000008,Tameside,6,Muslim,16945
E08000008,Tameside,7,Sikh,181
E08000008,Tameside,8,Other religion,879
E08000008,Tameside,9,Not answered,10846
E08000009,Trafford,-8,Does not apply,0
E08000009,Trafford,1,No religion,77864
E08000009,Trafford,2,Christian,113712
E08000009,Trafford,3,Buddhist,955
E08000009,Trafford,4,Hindu,4656
E08000009,Trafford,5,Jewish,2408
E08000009,Trafford,6,Muslim,20549
E08000009,Trafford,7,Sikh,1984
E08000009,Trafford,8,Other religion,920
E08000009,Trafford,9,Not answered,12007
E08000010,Wigan,-8,Does not apply,0
E08000010,Wigan,1,No religion,99784
E08000010,Wigan,2,Christian,206870
E08000010,Wigan,3,Buddhist,831
E08000010,Wigan,4,Hindu,995
E08000010,Wigan,5,Jewish,84
E08000010,Wigan,6,Muslim,4155
E08000010,Wigan,7,Sikh,122
E08000010,Wigan,8,Other religion,1099
E08000010,Wigan,9,Not answered,15390
E08000011,Knowsley,-8,Does not apply,0
E08000011,Knowsley,1,No religion,42001
E08000011,Knowsley,2,Christian,102929
E08000011,Knowsley,3,Buddhist,260
E08000011,Knowsley,4,Hindu,456
E08000011,Knowsley,5,Jewish,86
E08000011,Knowsley,6,Muslim,968
E08000011,Knowsley,7,Sikh,65
E08000011,Knowsley,8,Other religion,285
E08000011,Knowsley,9,Not answered,7469
E08000012,Liverpool,-8,Does not apply,0
E08000012,Liverpool,1,No religion,142994
E08000012,Liverpool,2,Christian,278330
E08000012,Liverpool,3,Buddhist,2128
E08000012,Liverpool,4,Hindu,3802
E08000012,Liverpool,5,Jewish,1807
E08000012,Liverpool,6,Muslim,25756
E08000012,Liverpool,7,Sikh,641
E08000012,Liverpool,8,Other religion,1991
E08000012,Liverpool,9,Not answered,28639
E08000013,St. Helens,-8,Does not apply,0
E08000013,St. Helens,1,No religion,57184
E08000013,St. Helens,2,Christian,114200
E08000013,St. Helens,3,Buddhist,501
E08000013,St. Helens,4,Hindu,597
E08000013,St. Helens,5,Jewish,63
E08000013,St. Helens,6,Muslim,1340
E08000013,St. Helens,7,Sikh,54
E08000013,St. Helens,8,Other religion,652
E08000013,St. Helens,9,Not answered,8655
E08000014,Sefton,-8,Does not apply,0
E08000014,Sefton,1,No religion,79905
E08000014,Sefton,2,Christian,179806
E08000014,Sefton,3,Buddhist,681
E08000014,Sefton,4,Hindu,1095
E08000014,Sefton,5,Jewish,364
E08000014,Sefton,6,Muslim,2257
E08000014,Sefton,7,Sikh,133
E08000014,Sefton,8,Other religion,980
E08000014,Sefton,9,Not answered,14012
E08000015,Wirral,-8,Does not apply,0
E08000015,Wirral,1,No religion,119447
E08000015,Wirral,2,Christian,176159
E08000015,Wirral,3,Buddhist,1015
E08000015,Wirral,4,Hindu,1406
E08000015,Wirral,5,Jewish,256
E08000015,Wirral,6,Muslim,3257
E08000015,Wirral,7,Sikh,311
E08000015,Wirral,8,Other religion,1258
E08000015,Wirral,9,Not answered,17092
E08000016,Barnsley,-8,Does not apply,0
E08000016,Barnsley,1,No religion,102906
E08000016,Barnsley,2,Christian,125502
E08000016,Barnsley,3,Buddhist,435
E08000016,Barnsley,4,Hindu,416
E08000016,Barnsley,5,Jewish,62
E08000016,Barnsley,6,Muslim,1404
E08000016,Barnsley,7,Sikh,256
E08000016,Barnsley,8,Other religion,862
E08000016,Barnsley,9,Not answered,12728
E08000017,Doncaster,-8,Does not apply,0
E08000017,Doncaster,1,No religion,122645
E08000017,Doncaster,2,Christian,156747
E08000017,Doncaster,3,Buddhist,821
E08000017,Doncaster,4,Hindu,1294
E08000017,Doncaster,5,Jewish,116
E08000017,Doncaster,6,Muslim,6898
E08000017,Doncaster,7,Sikh,1391
E08000017,Doncaster,8,Other religion,1724
E08000017,Doncaster,9,Not answered,16470
E08000018,Rotherham,-8,Does not apply,0
E08000018,Rotherham,1,No religion,105821
E08000018,Rotherham,2,Christian,130147
E08000018,Rotherham,3,Buddhist,542
E08000018,Rotherham,4,Hindu,666
E08000018,Rotherham,5,Jewish,81
E08000018,Rotherham,6,Muslim,13465
E08000018,Rotherham,7,Sikh,461
E08000018,Rotherham,8,Other religion,932
E08000018,Rotherham,9,Not answered,13692
E08000019,Sheffield,-8,Does not apply,0
E08000019,Sheffield,1,No religion,241556
E08000019,Sheffield,2,Christian,214136
E08000019,Sheffield,3,Buddhist,2215
E08000019,Sheffield,4,Hindu,3759
E08000019,Sheffield,5,Jewish,649
E08000019,Sheffield,6,Muslim,57044
E08000019,Sheffield,7,Sikh,927
E08000019,Sheffield,8,Other religion,2635
E08000019,Sheffield,9,Not answered,33600
E08000021,Newcastle upon Tyne,-8,Does not apply,0
E08000021,Newcastle upon Tyne,1,No religion,122485
E08000021,Newcastle upon Tyne,2,Christian,124009
E08000021,Newcastle upon Tyne,3,Buddhist,1352
E08000021,Newcastle upon Tyne,4,Hindu,4212
E08000021,Newcastle upon Tyne,5,Jewish,573
E08000021,Newcastle upon Tyne,6,Muslim,26896
E08000021,Newcastle upon Tyne,7,Sikh,1449
E08000021,Newcastle upon Tyne,8,Other religion,1281
E08000021,Newcastle upon Tyne,9,Not answered,17869
E08000022,North Tyneside,-8,Does not apply,0
E08000022,North Tyneside,1,No religion,96413
E08000022,North Tyneside,2,Christian,97333
E08000022,North Tyneside,3,Buddhist,587
E08000022,North Tyneside,4,Hindu,823
E08000022,North Tyneside,5,Jewish,128
E08000022,North Tyneside,6,Muslim,2517
E08000022,North Tyneside,7,Sikh,437
E08000022,North Tyneside,8,Other religion,774
E08000022,North Tyneside,9,Not answered,9954
E08000023,South Tyneside,-8,Does not apply,0
E08000023,South Tyneside,1,No religion,58045
E08000023,South Tyneside,2,Christian,77783
E08000023,South Tyneside,3,Buddhist,264
E08000023,South Tyneside,4,Hindu,259
E08000023,South Tyneside,5,Jewish,36
E08000023,South Tyneside,6,Muslim,3736
E08000023,South Tyneside,7,Sikh,461
E08000023,South Tyneside,8,Other religion,520
E08000023,South Tyneside,9,Not answered,6672
E08000024,Sunderland,-8,Does not apply,0
E08000024,Sunderland,1,No religion,108261
E08000024,Sunderland,2,Christian,145806
E08000024,Sunderland,3,Buddhist,539
E08000024,Sunderland,4,Hindu,611
E08000024,Sunderland,5,Jewish,87
E08000024,Sunderland,6,Muslim,4846
E08000024,Sunderland,7,Sikh,915
E08000024,Sunderland,8,Other religion,835
E08000024,Sunderland,9,Not answered,12272
E08000025,Birmingham,-8,Does not apply,0
E08000025,Birmingham,1,No religion,276327
E08000025,Birmingham,2,Christian,389406
E08000025,Birmingham,3,Buddhist,4340
E08000025,Birmingham,4,Hindu,21997
E08000025,Birmingham,5,Jewish,1687
E08000025,Birmingham,6,Muslim,341811
E08000025,Birmingham,7,Sikh,33126
E08000025,Birmingham,8,Other religion,6367
E08000025,Birmingham,9,Not answered,69856
E08000026,Coventry,-8,Does not apply,0
E08000026,Coventry,1,No religion,102338
E08000026,Coventry,2,Christian,151577
E08000026,Coventry,3,Buddhist,1257
E08000026,Coventry,4,Hindu,13724
E08000026,Coventry,5,Jewish,259
E08000026,Coventry,6,Muslim,35800
E08000026,Coventry,7,Sikh,17297
E08000026,Coventry,8,Other religion,1908
E08000026,Coventry,9,Not answered,21166
E08000027,Dudley,-8,Does not apply,0
E08000027,Dudley,1,No religion,116404
E08000027,Dudley,2,Christian,159461
E08000027,Dudley,3,Buddhist,798
E08000027,Dudley,4,Hindu,2193
E08000027,Dudley,5,Jewish,83
E08000027,Dudley,6,Muslim,19978
E08000027,Dudley,7,Sikh,5316
E08000027,Dudley,8,Other religion,1463
E08000027,Dudley,9,Not answered,17792
E08000028,Sandwell,-8,Does not apply,0
E08000028,Sandwell,1,No religion,89102
E08000028,Sandwell,2,Christian,136354
E08000028,Sandwell,3,Buddhist,943
E08000028,Sandwell,4,Hindu,9447
E08000028,Sandwell,5,Jewish,79
E08000028,Sandwell,6,Muslim,45763
E08000028,Sandwell,7,Sikh,39252
E08000028,Sandwell,8,Other religion,2430
E08000028,Sandwell,9,Not answered,18465
E08000029,Solihull,-8,Does not apply,0
E08000029,Solihull,1,No religion,71065
E08000029,Solihull,2,Christian,109707
E08000029,Solihull,3,Buddhist,594
E08000029,Solihull,4,Hindu,6037
E08000029,Solihull,5,Jewish,283
E08000029,Solihull,6,Muslim,11532
E08000029,Solihull,7,Sikh,5029
E08000029,Solihull,8,Other religion,821
E08000029,Solihull,9,Not answered,11173
E08000030,Walsall,-8,Does not apply,0
E08000030,Walsall,1,No religion,85819
E08000030,Walsall,2,Christian,126921
E08000030,Walsall,3,Buddhist,533
E08000030,Walsall,4,Hindu,5096
E08000030,Walsall,5,Jewish,74
E08000030,Walsall,6,Muslim,32107
E08000030,Walsall,7,Sikh,17148
E08000030,Walsall,8,Other religion,1658
E08000030,Walsall,9,Not answered,14768
E08000031,Wolverhampton,-8,Does not apply,0
E08000031,Wolverhampton,1,No religion,73317
E08000031,Wolverhampton,2,Christian,115640
E08000031,Wolverhampton,3,Buddhist,915
E08000031,Wolverhampton,4,Hindu,9882
E08000031,Wolverhampton,5,Jewish,94
E08000031,Wolverhampton,6,Muslim,14489
E08000031,Wolverhampton,7,Sikh,31769
E08000031,Wolverhampton,8,Other religion,3158
E08000031,Wolverhampton,9,Not answered,14465
E08000032,Bradford,-8,Does not apply,0
E08000032,Bradford,1,No religion,154305
E08000032,Bradford,2,Christian,182566
E08000032,Bradford,3,Buddhist,959
E08000032,Bradford,4,Hindu,4757
E08000032,Bradford,5,Jewish,254
E08000032,Bradford,6,Muslim,166846
E08000032,Bradford,7,Sikh,4834
E08000032,Bradford,8,Other religion,2074
E08000032,Bradford,9,Not answered,29816
E08000033,Calderdale,-8,Does not apply,0
E08000033,Calderdale,1,No religion,86787
E08000033,Calderdale,2,Christian,85677
E08000033,Calderdale,3,Buddhist,630
E08000033,Calderdale,4,Hindu,1173
E08000033,Calderdale,5,Jewish,153
E08000033,Calderdale,6,Muslim,19650
E08000033,Calderdale,7,Sikh,387
E08000033,Calderdale,8,Other religion,1045
E08000033,Calderdale,9,Not answered,11129
E08000034,Kirklees,-8,Does not apply,0
E08000034,Kirklees,1,No religion,150599
E08000034,Kirklees,2,Christian,170577
E08000034,Kirklees,3,Buddhist,996
E08000034,Kirklees,4,Hindu,1723
E08000034,Kirklees,5,Jewish,187
E08000034,Kirklees,6,Muslim,80046
E08000034,Kirklees,7,Sikh,3476
E08000034,Kirklees,8,Other religion,1663
E08000034,Kirklees,9,Not answered,23949
E08000035,Leeds,-8,Does not apply,0
E08000035,Leeds,1,No religion,326231
E08000035,Leeds,2,Christian,343311
E08000035,Leeds,3,Buddhist,2874
E08000035,Leeds,4,Hindu,9217
E08000035,Leeds,5,Jewish,6267
E08000035,Leeds,6,Muslim,63054
E08000035,Leeds,7,Sikh,10047
E08000035,Leeds,8,Other religion,3637
E08000035,Leeds,9,Not answered,47315
E08000036,Wakefield,-8,Does not apply,0
E08000036,Wakefield,1,No religion,145950
E08000036,Wakefield,2,Christian,173070
E08000036,Wakefield,3,Buddhist,797
E08000036,Wakefield,4,Hindu,1270
E08000036,Wakefield,5,Jewish,127
E08000036,Wakefield,6,Muslim,11279
E08000036,Wakefield,7,Sikh,501
E08000036,Wakefield,8,Other religion,1405
E08000036,Wakefield,9,Not answered,18972
E08000037,Gateshead,-8,Does not apply,0
E08000037,Gateshead,1,No religion,78572
E08000037,Gateshead,2,Christian,99572
E08000037,Gateshead,3,Buddhist,469
E08000037,Gateshead,4,Hindu,522
E08000037,Gateshead,5,Jewish,2905
E08000037,Gateshead,6,Muslim,4126
E08000037,Gateshead,7,Sikh,386
E08000037,Gateshead,8,Other religion,797
E08000037,Gateshead,9,Not answered,8804
E09000001,City of London,-8,Does not apply,0
E09000001,City of London,1,No religion,3763
E09000001,City of London,2,Christian,2976
E09000001,City of London,3,Buddhist,95
E09000001,City of London,4,Hindu,203
E09000001,City of London,5,Jewish,177
E09000001,City of London,6,Muslim,540
E09000001,City of London,7,Sikh,6
E09000001,City of London,8,Other religion,55
E09000001,City of London,9,Not answered,767
E09000002,Barking and Dagenham,-8,Does not apply,0
E09000002,Barking and Dagenham,1,No religion,41191
E09000002,Barking and Dagenham,2,Christian,99342
E09000002,Barking and Dagenham,3,Buddhist,821
E09000002,Barking and Dagenham,4,Hindu,6596
E09000002,Barking and Dagenham,5,Jewish,272
E09000002,Barking and Dagenham,6,Muslim,53389
E09000002,Barking and Dagenham,7,Sikh,4284
E09000002,Barking and Dagenham,8,Other religion,981
E09000002,Barking and Dagenham,9,Not answered,11991
E09000003,Barnet,-8,Does not apply,0
E09000003,Barnet,1,No religion,78684
E09000003,Barnet,2,Christian,142321
E09000003,Barnet,3,Buddhist,4158
E09000003,Barnet,4,Hindu,22105
E09000003,Barnet,5,Jewish,56616
E09000003,Barnet,6,Muslim,47688
E09000003,Barnet,7,Sikh,1524
E09000003,Barnet,8,Other religion,5192
E09000003,Barnet,9,Not answered,31056
E09000004,Bexley,-8,Does not apply,0
E09000004,Bexley,1,No religion,82816
E09000004,Bexley,2,Christian,123908
E09000004,Bexley,3,Buddhist,2048
E09000004,Bexley,4,Hindu,7516
E09000004,Bexley,5,Jewish,217
E09000004,Bexley,6,Muslim,9721
E09000004,Bexley,7,Sikh,5272
E09000004,Bexley,8,Other religion,988
E09000004,Bexley,9,Not answered,13986
E09000005,Brent,-8,Does not apply,0
E09000005,Brent,1,No religion,46153
E09000005,Brent,2,Christian,131914
E09000005,Brent,3,Buddhist,3117
E09000005,Brent,4,Hindu,52876
E09000005,Brent,5,Jewish,3723
E09000005,Brent,6,Muslim,72574
E09000005,Brent,7,Sikh,1530
E09000005,Brent,8,Other religion,4424
E09000005,Brent,9,Not answered,23506
E09000006,Bromley,-8,Does not apply,0
E09000006,Bromley,1,No religion,122943
E09000006,Bromley,2,Christian,159452
E09000006,Bromley,3,Buddhist,2100
E09000006,Bromley,4,Hindu,9644
E09000006,Bromley,5,Jewish,966
E09000006,Bromley,6,Muslim,10876
E09000006,Bromley,7,Sikh,1068
E09000006,Bromley,8,Other religion,1704
E09000006,Bromley,9,Not answered,21238
E09000007,Camden,-8,Does not apply,0
E09000007,Camden,1,No religion,72776
E09000007,Camden,2,Christian,65980
E09000007,Camden,3,Buddhist,2410
E09000007,Camden,4,Hindu,3991
E09000007,Camden,5,Jewish,10079
E09000007,Camden,6,Muslim,33830
E09000007,Camden,7,Sikh,487
E09000007,Camden,8,Other religion,1842
E09000007,Camden,9,Not answered,18743
E09000008,Croydon,-8,Does not apply,0
E09000008,Croydon,1,No religion,101119
E09000008,Croydon,2,Christian,190880
E09000008,Croydon,3,Buddhist,2371
E09000008,Croydon,4,Hindu,23145
E09000008,Croydon,5,Jewish,609
E09000008,Croydon,6,Muslim,40717
E09000008,Croydon,7,Sikh,1654
E09000008,Croydon,8,Other religion,3189
E09000008,Croydon,9,Not answered,27035
E09000009,Ealing,-8,Does not apply,0
E09000009,Ealing,1,No religion,70233
E09000009,Ealing,2,Christian,138937
E09000009,Ealing,3,Buddhist,4003
E09000009,Ealing,4,Hindu,28236
E09000009,Ealing,5,Jewish,1041
E09000009,Ealing,6,Muslim,68907
E09000009,Ealing,7,Sikh,28491
E09000009,Ealing,8,Other religion,2733
E09000009,Ealing,9,Not answered,24533
E09000010,Enfield,-8,Does not apply,0
E09000010,Enfield,1,No religion,65241
E09000010,Enfield,2,Christian,153015
E09000010,Enfield,3,Buddhist,1716
E09000010,Enfield,4,Hindu,10231
E09000010,Enfield,5,Jewish,3713
E09000010,Enfield,6,Muslim,61477
E09000010,Enfield,7,Sikh,1199
E09000010,Enfield,8,Other religion,10351
E09000010,Enfield,9,Not answered,23041
E09000011,Greenwich,-8,Does not apply,0
E09000011,Greenwich,1,No religion,94208
E09000011,Greenwich,2,Christian,129112
E09000011,Greenwich,3,Buddhist,5034
E09000011,Greenwich,4,Hindu,11647
E09000011,Greenwich,5,Jewish,603
E09000011,Greenwich,6,Muslim,24715
E09000011,Greenwich,7,Sikh,3229
E09000011,Greenwich,8,Other religion,1802
E09000011,Greenwich,9,Not answered,18716
E09000012,Hackney,-8,Does not apply,0
E09000012,Hackney,1,No religion,94113
E09000012,Hackney,2,Christian,79499
E09000012,Hackney,3,Buddhist,2343
E09000012,Hackney,4,Hindu,1998
E09000012,Hackney,5,Jewish,17426
E09000012,Hackney,6,Muslim,34578
E09000012,Hackney,7,Sikh,1867
E09000012,Hackney,8,Other religion,4879
E09000012,Hackney,9,Not answered,22442
E09000013,Hammersmith and Fulham,-8,Does not apply,0
E09000013,Hammersmith and Fulham,1,No religion,56059
E09000013,Hammersmith and Fulham,2,Christian,83673
E09000013,Hammersmith and Fulham,3,Buddhist,1723
E09000013,Hammersmith and Fulham,4,Hindu,2209
E09000013,Hammersmith and Fulham,5,Jewish,1228
E09000013,Hammersmith and Fulham,6,Muslim,21290
E09000013,Hammersmith and Fulham,7,Sikh,450
E09000013,Hammersmith and Fulham,8,Other religion,1227
E09000013,Hammersmith and Fulham,9,Not answered,15298
E09000014,Haringey,-8,Does not apply,0
E09000014,Haringey,1,No religion,83535
E09000014,Haringey,2,Christian,103944
E09000014,Haringey,3,Buddhist,2455
E09000014,Haringey,4,Hindu,3529
E09000014,Haringey,5,Jewish,9397
E09000014,Haringey,6,Muslim,33295
E09000014,Haringey,7,Sikh,892
E09000014,Haringey,8,Other religion,6164
E09000014,Haringey,9,Not answered,21027
E09000015,Harrow,-8,Does not apply,0
E09000015,Harrow,1,No religion,27748
E09000015,Harrow,2,Christian,88602
E09000015,Harrow,3,Buddhist,2812
E09000015,Harrow,4,Hindu,67392
E09000015,Harrow,5,Jewish,7304
E09000015,Harrow,6,Muslim,41503
E09000015,Harrow,7,Sikh,2743
E09000015,Harrow,8,Other religion,7695
E09000015,Harrow,9,Not answered,15404
E09000016,Havering,-8,Does not apply,0
E09000016,Havering,1,No religion,80235
E09000016,Havering,2,Christian,136765
E09000016,Havering,3,Buddhist,1092
E09000016,Havering,4,Hindu,6454
E09000016,Havering,5,Jewish,1305
E09000016,Havering,6,Muslim,16135
E09000016,Havering,7,Sikh,4498
E09000016,Havering,8,Other religion,1056
E09000016,Havering,9,Not answered,14512
E09000017,Hillingdon,-8,Does not apply,0
E09000017,Hillingdon,1,No religion,59214
E09000017,Hillingdon,2,Christian,119434
E09000017,Hillingdon,3,Buddhist,2621
E09000017,Hillingdon,4,Hindu,33020
E09000017,Hillingdon,5,Jewish,1392
E09000017,Hillingdon,6,Muslim,44077
E09000017,Hillingdon,7,Sikh,26339
E09000017,Hillingdon,8,Other religion,2683
E09000017,Hillingdon,9,Not answered,17129
E09000018,Hounslow,-8,Does not apply,0
E09000018,Hounslow,1,No religion,53502
E09000018,Hounslow,2,Christian,110269
E09000018,Hounslow,3,Buddhist,3932
E09000018,Hounslow,4,Hindu,27360
E09000018,Hounslow,5,Jewish,622
E09000018,Hounslow,6,Muslim,48028
E09000018,Hounslow,7,Sikh,24677
E09000018,Hounslow,8,Other religion,2323
E09000018,Hounslow,9,Not answered,17469
E09000019,Islington,-8,Does not apply,0
E09000019,Islington,1,No religion,88466
E09000019,Islington,2,Christian,75129
E09000019,Islington,3,Buddhist,1813
E09000019,Islington,4,Hindu,2195
E09000019,Islington,5,Jewish,2714
E09000019,Islington,6,Muslim,25840
E09000019,Islington,7,Sikh,603
E09000019,Islington,8,Other religion,2930
E09000019,Islington,9,Not answered,16902
E09000020,Kensington and Chelsea,-8,Does not apply,0
E09000020,Kensington and Chelsea,1,No religion,35610
E09000020,Kensington and Chelsea,2,Christian,69335
E09000020,Kensington and Chelsea,3,Buddhist,1606
E09000020,Kensington and Chelsea,4,Hindu,1584
E09000020,Kensington and Chelsea,5,Jewish,2681
E09000020,Kensington and Chelsea,6,Muslim,16865
E09000020,Kensington and Chelsea,7,Sikh,319
E09000020,Kensington and Chelsea,8,Other religion,1064
E09000020,Kensington and Chelsea,9,Not answered,14311
E09000021,Kingston upon Thames,-8,Does not apply,0
E09000021,Kingston upon Thames,1,No religion,57641
E09000021,Kingston upon Thames,2,Christian,71670
E09000021,Kingston upon Thames,3,Buddhist,1726
E09000021,Kingston upon Thames,4,Hindu,8456
E09000021,Kingston upon Thames,5,Jewish,693
E09000021,Kingston upon Thames,6,Muslim,13366
E09000021,Kingston upon Thames,7,Sikh,1428
E09000021,Kingston upon Thames,8,Other religion,1119
E09000021,Kingston upon Thames,9,Not answered,11966
E09000022,Lambeth,-8,Does not apply,0
E09000022,Lambeth,1,No religion,119123
E09000022,Lambeth,2,Christian,138714
E09000022,Lambeth,3,Buddhist,2437
E09000022,Lambeth,4,Hindu,3179
E09000022,Lambeth,5,Jewish,1344
E09000022,Lambeth,6,Muslim,25871
E09000022,Lambeth,7,Sikh,527
E09000022,Lambeth,8,Other religion,2351
E09000022,Lambeth,9,Not answered,24110
E09000023,Lewisham,-8,Does not apply,0
E09000023,Lewisham,1,No religion,110379
E09000023,Lewisham,2,Christian,131706
E09000023,Lewisham,3,Buddhist,3270
E09000023,Lewisham,4,Hindu,6459
E09000023,Lewisham,5,Jewish,826
E09000023,Lewisham,6,Muslim,22264
E09000023,Lewisham,7,Sikh,720
E09000023,Lewisham,8,Other religion,2269
E09000023,Lewisham,9,Not answered,22660
E09000024,Merton,-8,Does not apply,0
E09000024,Merton,1,No religion,60224
E09000024,Merton,2,Christian,101320
E09000024,Merton,3,Buddhist,1899
E09000024,Merton,4,Hindu,12610
E09000024,Merton,5,Jewish,754
E09000024,Merton,6,Muslim,21673
E09000024,Merton,7,Sikh,614
E09000024,Merton,8,Other religion,1205
E09000024,Merton,9,Not answered,14888
E09000025,Newham,-8,Does not apply,0
E09000025,Newham,1,No religion,50795
E09000025,Newham,2,Christian,123746
E09000025,Newham,3,Buddhist,2160
E09000025,Newham,4,Hindu,21405
E09000025,Newham,5,Jewish,448
E09000025,Newham,6,Muslim,122146
E09000025,Newham,7,Sikh,5638
E09000025,Newham,8,Other religion,1765
E09000025,Newham,9,Not answered,22933
E09000026,Redbridge,-8,Does not apply,0
E09000026,Redbridge,1,No religion,38999
E09000026,Redbridge,2,Christian,94473
E09000026,Redbridge,3,Buddhist,1611
E09000026,Redbridge,4,Hindu,34372
E09000026,Redbridge,5,Jewish,6412
E09000026,Redbridge,6,Muslim,97068
E09000026,Redbridge,7,Sikh,17622
E09000026,Redbridge,8,Other religion,2028
E09000026,Redbridge,9,Not answered,17675
E09000027,Richmond upon Thames,-8,Does not apply,0
E09000027,Richmond upon Thames,1,No religion,74076
E09000027,Richmond upon Thames,2,Christian,88556
E09000027,Richmond upon Thames,3,Buddhist,1593
E09000027,Richmond upon Thames,4,Hindu,4184
E09000027,Richmond upon Thames,5,Jewish,1262
E09000027,Richmond upon Thames,6,Muslim,8492
E09000027,Richmond upon Thames,7,Sikh,1987
E09000027,Richmond upon Thames,8,Other religion,1273
E09000027,Richmond upon Thames,9,Not answered,13855
E09000028,Southwark,-8,Does not apply,0
E09000028,Southwark,1,No religion,111935
E09000028,Southwark,2,Christian,133298
E09000028,Southwark,3,Buddhist,2965
E09000028,Southwark,4,Hindu,3444
E09000028,Southwark,5,Jewish,1243
E09000028,Southwark,6,Muslim,29633
E09000028,Southwark,7,Sikh,632
E09000028,Southwark,8,Other religion,2149
E09000028,Southwark,9,Not answered,22338
E09000029,Sutton,-8,Does not apply,0
E09000029,Sutton,1,No religion,67769
E09000029,Sutton,2,Christian,95960
E09000029,Sutton,3,Buddhist,1822
E09000029,Sutton,4,Hindu,14666
E09000029,Sutton,5,Jewish,407
E09000029,Sutton,6,Muslim,14736
E09000029,Sutton,7,Sikh,447
E09000029,Sutton,8,Other religion,1244
E09000029,Sutton,9,Not answered,12589
E09000030,Tower Hamlets,-8,Does not apply,0
E09000030,Tower Hamlets,1,No religion,82635
E09000030,Tower Hamlets,2,Christian,69223
E09000030,Tower Hamlets,3,Buddhist,2961
E09000030,Tower Hamlets,4,Hindu,6298
E09000030,Tower Hamlets,5,Jewish,1341
E09000030,Tower Hamlets,6,Muslim,123912
E09000030,Tower Hamlets,7,Sikh,966
E09000030,Tower Hamlets,8,Other religion,1652
E09000030,Tower Hamlets,9,Not answered,21318
E09000031,Waltham Forest,-8,Does not apply,0
E09000031,Waltham Forest,1,No religion,77739
E09000031,Waltham Forest,2,Christian,108630
E09000031,Waltham Forest,3,Buddhist,1834
E09000031,Waltham Forest,4,Hindu,5155
E09000031,Waltham Forest,5,Jewish,1268
E09000031,Waltham Forest,6,Muslim,60157
E09000031,Waltham Forest,7,Sikh,1285
E09000031,Waltham Forest,8,Other religion,2810
E09000031,Waltham Forest,9,Not answered,19548
E09000032,Wandsworth,-8,Does not apply,0
E09000032,Wandsworth,1,No religion,118543
E09000032,Wandsworth,2,Christian,139656
E09000032,Wandsworth,3,Buddhist,2275
E09000032,Wandsworth,4,Hindu,6419
E09000032,Wandsworth,5,Jewish,1756
E09000032,Wandsworth,6,Muslim,32519
E09000032,Wandsworth,7,Sikh,967
E09000032,Wandsworth,8,Other religion,1871
E09000032,Wandsworth,9,Not answered,23500
E09000033,Westminster,-8,Does not apply,0
E09000033,Westminster,1,No religion,52936
E09000033,Westminster,2,Christian,76245
E09000033,Westminster,3,Buddhist,2603
E09000033,Westminster,4,Hindu,4457
E09000033,Westminster,5,Jewish,5628
E09000033,Westminster,6,Muslim,40873
E09000033,Westminster,7,Sikh,573
E09000033,Westminster,8,Other religion,1741
E09000033,Westminster,9,Not answered,19179
E10000003,Cambridgeshire,-8,Does not apply,0
E10000003,Cambridgeshire,1,No religion,293134
E10000003,Cambridgeshire,2,Christian,306302
E10000003,Cambridgeshire,3,Buddhist,3698
E10000003,Cambridgeshire,4,Hindu,7245
E10000003,Cambridgeshire,5,Jewish,1978
E10000003,Cambridgeshire,6,Muslim,13953
E10000003,Cambridgeshire,7,Sikh,1165
E10000003,Cambridgeshire,8,Other religion,3853
E10000003,Cambridgeshire,9,Not answered,47521
E10000006,Cumbria,-8,Does not apply,0
E10000006,Cumbria,1,No religion,179007
E10000006,Cumbria,2,Christian,284987
E10000006,Cumbria,3,Buddhist,1564
E10000006,Cumbria,4,Hindu,703
E10000006,Cumbria,5,Jewish,237
E10000006,Cumbria,6,Muslim,2186
E10000006,Cumbria,7,Sikh,106
E10000006,Cumbria,8,Other religion,1907
E10000006,Cumbria,9,Not answered,29149
E10000007,Derbyshire,-8,Does not apply,0
E10000007,Derbyshire,1,No religion,354595
E10000007,Derbyshire,2,Christian,380102
E10000007,Derbyshire,3,Buddhist,1940
E10000007,Derbyshire,4,Hindu,2071
E10000007,Derbyshire,5,Jewish,385
E10000007,Derbyshire,6,Muslim,3657
E10000007,Derbyshire,7,Sikh,3375
E10000007,Derbyshire,8,Other religion,3867
E10000007,Derbyshire,9,Not answered,44647
E10000008,Devon,-8,Does not apply,0
E10000008,Devon,1,No religion,361101
E10000008,Devon,2,Christian,380573
E10000008,Devon,3,Buddhist,3300
E10000008,Devon,4,Hindu,1410
E10000008,Devon,5,Jewish,860
E10000008,Devon,6,Muslim,4833
E10000008,Devon,7,Sikh,384
E10000008,Devon,8,Other religion,5336
E10000008,Devon,9,Not answered,53843
E10000011,East Sussex,-8,Does not apply,0
E10000011,East Sussex,1,No religion,244053
E10000011,East Sussex,2,Christian,250334
E10000011,East Sussex,3,Buddhist,2554
E10000011,East Sussex,4,Hindu,1890
E10000011,East Sussex,5,Jewish,1145
E10000011,East Sussex,6,Muslim,6194
E10000011,East Sussex,7,Sikh,210
E10000011,East Sussex,8,Other religion,4129
E10000011,East Sussex,9,Not answered,35338
E10000012,Essex,-8,Does not apply,0
E10000012,Essex,1,No religion,632299
E10000012,Essex,2,Christian,720752
E10000012,Essex,3,Buddhist,5786
E10000012,Essex,4,Hindu,15357
E10000012,Essex,5,Jewish,8078
E10000012,Essex,6,Muslim,24485
E10000012,Essex,7,Sikh,3641
E10000012,Essex,8,Other religion,7064
E10000012,Essex,9,Not answered,86059
E10000013,Gloucestershire,-8,Does not apply,0
E10000013,Gloucestershire,1,No religion,266959
E10000013,Gloucestershire,2,Christian,317610
E10000013,Gloucestershire,3,Buddhist,2383
E10000013,Gloucestershire,4,Hindu,3777
E10000013,Gloucestershire,5,Jewish,688
E10000013,Gloucestershire,6,Muslim,9347
E10000013,Gloucestershire,7,Sikh,761
E10000013,Gloucestershire,8,Other religion,3511
E10000013,Gloucestershire,9,Not answered,40042
E10000014,Hampshire,-8,Does not apply,0
E10000014,Hampshire,1,No religion,598902
E10000014,Hampshire,2,Christian,669999
E10000014,Hampshire,3,Buddhist,10775
E10000014,Hampshire,4,Hindu,15919
E10000014,Hampshire,5,Jewish,1439
E10000014,Hampshire,6,Muslim,12725
E10000014,Hampshire,7,Sikh,3205
E10000014,Hampshire,8,Other religion,7918
E10000014,Hampshire,9,Not answered,80017
E10000015,Hertfordshire,-8,Does not apply,0
E10000015,Hertfordshire,1,No religion,438365
E10000015,Hertfordshire,2,Christian,557117
E10000015,Hertfordshire,3,Buddhist,6562
E10000015,Hertfordshire,4,Hindu,35545
E10000015,Hertfordshire,5,Jewish,26436
E10000015,Hertfordshire,6,Muslim,47378
E10000015,Hertfordshire,7,Sikh,6016
E10000015,Hertfordshire,8,Other religion,8630
E10000015,Hertfordshire,9,Not answered,72749
E10000016,Kent,-8,Does not apply,0
E10000016,Kent,1,No religion,644190
E10000016,Kent,2,Christian,763716
E10000016,Kent,3,Buddhist,8749
E10000016,Kent,4,Hindu,19242
E10000016,Kent,5,Jewish,2050
E10000016,Kent,6,Muslim,25614
E10000016,Kent,7,Sikh,12307
E10000016,Kent,8,Other religion,9572
E10000016,Kent,9,Not answered,90629
E10000017,Lancashire,-8,Does not apply,0
E10000017,Lancashire,1,No religion,389377
E10000017,Lancashire,2,Christian,675521
E10000017,Lancashire,3,Buddhist,3304
E10000017,Lancashire,4,Hindu,7384
E10000017,Lancashire,5,Jewish,958
E10000017,Lancashire,6,Muslim,85176
E10000017,Lancashire,7,Sikh,1771
E10000017,Lancashire,8,Other religion,5044
E10000017,Lancashire,9,Not answered,66819
E10000018,Leicestershire,-8,Does not apply,0
E10000018,Leicestershire,1,No religion,287394
E10000018,Leicestershire,2,Christian,325889
E10000018,Leicestershire,3,Buddhist,1981
E10000018,Leicestershire,4,Hindu,26256
E10000018,Leicestershire,5,Jewish,530
E10000018,Leicestershire,6,Muslim,16071
E10000018,Leicestershire,7,Sikh,11892
E10000018,Leicestershire,8,Other religion,3275
E10000018,Leicestershire,9,Not answered,39078
E10000019,Lincolnshire,-8,Does not apply,0
E10000019,Lincolnshire,1,No religion,294199
E10000019,Lincolnshire,2,Christian,412589
E10000019,Lincolnshire,3,Buddhist,1823
E10000019,Lincolnshire,4,Hindu,2494
E10000019,Lincolnshire,5,Jewish,495
E10000019,Lincolnshire,6,Muslim,5409
E10000019,Lincolnshire,7,Sikh,678
E10000019,Lincolnshire,8,Other religion,3784
E10000019,Lincolnshire,9,Not answered,46894
E10000020,Norfolk,-8,Does not apply,0
E10000020,Norfolk,1,No religion,404947
E10000020,Norfolk,2,Christian,430442
E10000020,Norfolk,3,Buddhist,3414
E10000020,Norfolk,4,Hindu,3697
E10000020,Norfolk,5,Jewish,1177
E10000020,Norfolk,6,Muslim,8146
E10000020,Norfolk,7,Sikh,566
E10000020,Norfolk,8,Other religion,5295
E10000020,Norfolk,9,Not answered,58437
E10000023,North Yorkshire,-8,Does not apply,0
E10000023,North Yorkshire,1,No religion,226879
E10000023,North Yorkshire,2,Christian,342441
E10000023,North Yorkshire,3,Buddhist,2035
E10000023,North Yorkshire,4,Hindu,1679
E10000023,North Yorkshire,5,Jewish,631
E10000023,North Yorkshire,6,Muslim,2984
E10000023,North Yorkshire,7,Sikh,325
E10000023,North Yorkshire,8,Other religion,2761
E10000023,North Yorkshire,9,Not answered,35758
E10000024,Nottinghamshire,-8,Does not apply,0
E10000024,Nottinghamshire,1,No religion,369531
E10000024,Nottinghamshire,2,Christian,381632
E10000024,Nottinghamshire,3,Buddhist,2337
E10000024,Nottinghamshire,4,Hindu,5139
E10000024,Nottinghamshire,5,Jewish,710
E10000024,Nottinghamshire,6,Muslim,11185
E10000024,Nottinghamshire,7,Sikh,4037
E10000024,Nottinghamshire,8,Other religion,3748
E10000024,Nottinghamshire,9,Not answered,46503
E10000025,Oxfordshire,-8,Does not apply,0
E10000025,Oxfordshire,1,No religion,290116
E10000025,Oxfordshire,2,Christian,343314
E10000025,Oxfordshire,3,Buddhist,3901
E10000025,Oxfordshire,4,Hindu,6332
E10000025,Oxfordshire,5,Jewish,2117
E10000025,Oxfordshire,6,Muslim,23481
E10000025,Oxfordshire,7,Sikh,1785
E10000025,Oxfordshire,8,Other religion,4229
E10000025,Oxfordshire,9,Not answered,50016
E10000027,Somerset,-8,Does not apply,0
E10000027,Somerset,1,No religion,237262
E10000027,Somerset,2,Christian,286672
E10000027,Somerset,3,Buddhist,1930
E10000027,Somerset,4,Hindu,1103
E10000027,Somerset,5,Jewish,451
E10000027,Somerset,6,Muslim,2600
E10000027,Somerset,7,Sikh,189
E10000027,Somerset,8,Other religion,3962
E10000027,Somerset,9,Not answered,37379
E10000028,Staffordshire,-8,Does not apply,0
E10000028,Staffordshire,1,No religion,325613
E10000028,Staffordshire,2,Christian,472054
E10000028,Staffordshire,3,Buddhist,2492
E10000028,Staffordshire,4,Hindu,3718
E10000028,Staffordshire,5,Jewish,345
E10000028,Staffordshire,6,Muslim,17036
E10000028,Staffordshire,7,Sikh,4561
E10000028,Staffordshire,8,Other religion,3811
E10000028,Staffordshire,9,Not answered,46474
E10000029,Suffolk,-8,Does not apply,0
E10000029,Suffolk,1,No religion,334644
E10000029,Suffolk,2,Christian,358454
E10000029,Suffolk,3,Buddhist,2792
E10000029,Suffolk,4,Hindu,3024
E10000029,Suffolk,5,Jewish,778
E10000029,Suffolk,6,Muslim,9279
E10000029,Suffolk,7,Sikh,770
E10000029,Suffolk,8,Other religion,4019
E10000029,Suffolk,9,Not answered,46928
E10000030,Surrey,-8,Does not apply,0
E10000030,Surrey,1,No religion,440069
E10000030,Surrey,2,Christian,603072
E10000030,Surrey,3,Buddhist,6990
E10000030,Surrey,4,Hindu,23742
E10000030,Surrey,5,Jewish,3099
E10000030,Surrey,6,Muslim,38138
E10000030,Surrey,7,Sikh,7144
E10000030,Surrey,8,Other religion,5528
E10000030,Surrey,9,Not answered,75327
E10000031,Warwickshire,-8,Does not apply,0
E10000031,Warwickshire,1,No religion,224587
E10000031,Warwickshire,2,Christian,300708
E10000031,Warwickshire,3,Buddhist,2295
E10000031,Warwickshire,4,Hindu,10492
E10000031,Warwickshire,5,Jewish,591
E10000031,Warwickshire,6,Muslim,9235
E10000031,Warwickshire,7,Sikh,12259
E10000031,Warwickshire,8,Other religion,3061
E10000031,Warwickshire,9,Not answered,33545
E10000032,West Sussex,-8,Does not apply,0
E10000032,West Sussex,1,No religion,363051
E10000032,West Sussex,2,Christian,424495
E10000032,West Sussex,3,Buddhist,3778
E10000032,West Sussex,4,Hindu,10128
E10000032,West Sussex,5,Jewish,1707
E10000032,West Sussex,6,Muslim,19225
E10000032,West Sussex,7,Sikh,1385
E10000032,West Sussex,8,Other religion,5108
E10000032,West Sussex,9,Not answered,53799
E10000034,Worcestershire,-8,Does not apply,0
E10000034,Worcestershire,1,No religion,228987
E10000034,Worcestershire,2,Christian,319892
E10000034,Worcestershire,3,Buddhist,1691
E10000034,Worcestershire,4,Hindu,1882
E10000034,Worcestershire,5,Jewish,416
E10000034,Worcestershire,6,Muslim,10881
E10000034,Worcestershire,7,Sikh,2310
E10000034,Worcestershire,8,Other religion,2659
E10000034,Worcestershire,9,Not answered,34958
W06000001,Isle of Anglesey,-8,Does not apply,0
W06000001,Isle of Anglesey,1,No religion,28066
W06000001,Isle of Anglesey,2,Christian,35485
W06000001,Isle of Anglesey,3,Buddhist,154
W06000001,Isle of Anglesey,4,Hindu,62
W06000001,Isle of Anglesey,5,Jewish,30
W06000001,Isle of Anglesey,6,Muslim,328
W06000001,Isle of Anglesey,7,Sikh,30
W06000001,Isle of Anglesey,8,Other religion,278
W06000001,Isle of Anglesey,9,Not answered,4446
W06000002,Gwynedd,-8,Does not apply,0
W06000002,Gwynedd,1,No religion,51941
W06000002,Gwynedd,2,Christian,54249
W06000002,Gwynedd,3,Buddhist,426
W06000002,Gwynedd,4,Hindu,255
W06000002,Gwynedd,5,Jewish,59
W06000002,Gwynedd,6,Muslim,1137
W06000002,Gwynedd,7,Sikh,46
W06000002,Gwynedd,8,Other religion,770
W06000002,Gwynedd,9,Not answered,8512
W06000003,Conwy,-8,Does not apply,0
W06000003,Conwy,1,No religion,46946
W06000003,Conwy,2,Christian,58283
W06000003,Conwy,3,Buddhist,375
W06000003,Conwy,4,Hindu,254
W06000003,Conwy,5,Jewish,63
W06000003,Conwy,6,Muslim,842
W06000003,Conwy,7,Sikh,33
W06000003,Conwy,8,Other religion,621
W06000003,Conwy,9,Not answered,7324
W06000004,Denbighshire,-8,Does not apply,0
W06000004,Denbighshire,1,No religion,40297
W06000004,Denbighshire,2,Christian,47226
W06000004,Denbighshire,3,Buddhist,320
W06000004,Denbighshire,4,Hindu,209
W06000004,Denbighshire,5,Jewish,48
W06000004,Denbighshire,6,Muslim,740
W06000004,Denbighshire,7,Sikh,38
W06000004,Denbighshire,8,Other religion,483
W06000004,Denbighshire,9,Not answered,6456
W06000005,Flintshire,-8,Does not apply,0
W06000005,Flintshire,1,No religion,62995
W06000005,Flintshire,2,Christian,79849
W06000005,Flintshire,3,Buddhist,397
W06000005,Flintshire,4,Hindu,320
W06000005,Flintshire,5,Jewish,60
W06000005,Flintshire,6,Muslim,739
W06000005,Flintshire,7,Sikh,23
W06000005,Flintshire,8,Other religion,476
W06000005,Flintshire,9,Not answered,10102
W06000006,Wrexham,-8,Does not apply,0
W06000006,Wrexham,1,No religion,56477
W06000006,Wrexham,2,Christian,66880
W06000006,Wrexham,3,Buddhist,404
W06000006,Wrexham,4,Hindu,333
W06000006,Wrexham,5,Jewish,51
W06000006,Wrexham,6,Muslim,1540
W06000006,Wrexham,7,Sikh,78
W06000006,Wrexham,8,Other religion,513
W06000006,Wrexham,9,Not answered,8841
W06000008,Ceredigion,-8,Does not apply,0
W06000008,Ceredigion,1,No religion,30749
W06000008,Ceredigion,2,Christian,33409
W06000008,Ceredigion,3,Buddhist,378
W06000008,Ceredigion,4,Hindu,158
W06000008,Ceredigion,5,Jewish,75
W06000008,Ceredigion,6,Muslim,515
W06000008,Ceredigion,7,Sikh,35
W06000008,Ceredigion,8,Other religion,677
W06000008,Ceredigion,9,Not answered,5480
W06000009,Pembrokeshire,-8,Does not apply,0
W06000009,Pembrokeshire,1,No religion,52998
W06000009,Pembrokeshire,2,Christian,60174
W06000009,Pembrokeshire,3,Buddhist,462
W06000009,Pembrokeshire,4,Hindu,161
W06000009,Pembrokeshire,5,Jewish,58
W06000009,Pembrokeshire,6,Muslim,587
W06000009,Pembrokeshire,7,Sikh,32
W06000009,Pembrokeshire,8,Other religion,746
W06000009,Pembrokeshire,9,Not answered,8145
W06000010,Carmarthenshire,-8,Does not apply,0
W06000010,Carmarthenshire,1,No religion,83409
W06000010,Carmarthenshire,2,Christian,89378
W06000010,Carmarthenshire,3,Buddhist,557
W06000010,Carmarthenshire,4,Hindu,419
W06000010,Carmarthenshire,5,Jewish,103
W06000010,Carmarthenshire,6,Muslim,1026
W06000010,Carmarthenshire,7,Sikh,177
W06000010,Carmarthenshire,8,Other religion,1127
W06000010,Carmarthenshire,9,Not answered,11703
W06000011,Swansea,-8,Does not apply,0
W06000011,Swansea,1,No religion,112687
W06000011,Swansea,2,Christian,98492
W06000011,Swansea,3,Buddhist,942
W06000011,Swansea,4,Hindu,1010
W06000011,Swansea,5,Jewish,159
W06000011,Swansea,6,Muslim,7694
W06000011,Swansea,7,Sikh,346
W06000011,Swansea,8,Other religion,1175
W06000011,Swansea,9,Not answered,15985
W06000012,Neath Port Talbot,-8,Does not apply,0
W06000012,Neath Port Talbot,1,No religion,70941
W06000012,Neath Port Talbot,2,Christian,59974
W06000012,Neath Port Talbot,3,Buddhist,383
W06000012,Neath Port Talbot,4,Hindu,400
W06000012,Neath Port Talbot,5,Jewish,32
W06000012,Neath Port Talbot,6,Muslim,1062
W06000012,Neath Port Talbot,7,Sikh,151
W06000012,Neath Port Talbot,8,Other religion,630
W06000012,Neath Port Talbot,9,Not answered,8716
W06000013,Bridgend,-8,Does not apply,0
W06000013,Bridgend,1,No religion,76141
W06000013,Bridgend,2,Christian,58776
W06000013,Bridgend,3,Buddhist,398
W06000013,Bridgend,4,Hindu,339
W06000013,Bridgend,5,Jewish,38
W06000013,Bridgend,6,Muslim,797
W06000013,Bridgend,7,Sikh,98
W06000013,Bridgend,8,Other religion,692
W06000013,Bridgend,9,Not answered,8209
W06000014,Vale of Glamorgan,-8,Does not apply,0
W06000014,Vale of Glamorgan,1,No religion,63164
W06000014,Vale of Glamorgan,2,Christian,58237
W06000014,Vale of Glamorgan,3,Buddhist,420
W06000014,Vale of Glamorgan,4,Hindu,440
W06000014,Vale of Glamorgan,5,Jewish,143
W06000014,Vale of Glamorgan,6,Muslim,1205
W06000014,Vale of Glamorgan,7,Sikh,147
W06000014,Vale of Glamorgan,8,Other religion,641
W06000014,Vale of Glamorgan,9,Not answered,7546
W06000015,Cardiff,-8,Does not apply,0
W06000015,Cardiff,1,No religion,155589
W06000015,Cardiff,2,Christian,138885
W06000015,Cardiff,3,Buddhist,1630
W06000015,Cardiff,4,Hindu,5434
W06000015,Cardiff,5,Jewish,690
W06000015,Cardiff,6,Muslim,33650
W06000015,Cardiff,7,Sikh,1517
W06000015,Cardiff,8,Other religion,2028
W06000015,Cardiff,9,Not answered,22888
W06000016,Rhondda Cynon Taf,-8,Does not apply,0
W06000016,Rhondda Cynon Taf,1,No religion,133486
W06000016,Rhondda Cynon Taf,2,Christian,86474
W06000016,Rhondda Cynon Taf,3,Buddhist,588
W06000016,Rhondda Cynon Taf,4,Hindu,497
W06000016,Rhondda Cynon Taf,5,Jewish,72
W06000016,Rhondda Cynon Taf,6,Muslim,1378
W06000016,Rhondda Cynon Taf,7,Sikh,248
W06000016,Rhondda Cynon Taf,8,Other religion,1083
W06000016,Rhondda Cynon Taf,9,Not answered,13826
W06000018,Caerphilly,-8,Does not apply,0
W06000018,Caerphilly,1,No religion,99767
W06000018,Caerphilly,2,Christian,63998
W06000018,Caerphilly,3,Buddhist,322
W06000018,Caerphilly,4,Hindu,246
W06000018,Caerphilly,5,Jewish,84
W06000018,Caerphilly,6,Muslim,594
W06000018,Caerphilly,7,Sikh,210
W06000018,Caerphilly,8,Other religion,766
W06000018,Caerphilly,9,Not answered,9966
W06000019,Blaenau Gwent,-8,Does not apply,0
W06000019,Blaenau Gwent,1,No religion,37706
W06000019,Blaenau Gwent,2,Christian,24392
W06000019,Blaenau Gwent,3,Buddhist,119
W06000019,Blaenau Gwent,4,Hindu,76
W06000019,Blaenau Gwent,5,Jewish,10
W06000019,Blaenau Gwent,6,Muslim,287
W06000019,Blaenau Gwent,7,Sikh,108
W06000019,Blaenau Gwent,8,Other religion,309
W06000019,Blaenau Gwent,9,Not answered,3897
W06000020,Torfaen,-8,Does not apply,0
W06000020,Torfaen,1,No religion,46872
W06000020,Torfaen,2,Christian,38327
W06000020,Torfaen,3,Buddhist,260
W06000020,Torfaen,4,Hindu,253
W06000020,Torfaen,5,Jewish,14
W06000020,Torfaen,6,Muslim,363
W06000020,Torfaen,7,Sikh,62
W06000020,Torfaen,8,Other religion,490
W06000020,Torfaen,9,Not answered,5631
W06000021,Monmouthshire,-8,Does not apply,0
W06000021,Monmouthshire,1,No religion,40311
W06000021,Monmouthshire,2,Christian,45250
W06000021,Monmouthshire,3,Buddhist,339
W06000021,Monmouthshire,4,Hindu,204
W06000021,Monmouthshire,5,Jewish,79
W06000021,Monmouthshire,6,Muslim,435
W06000021,Monmouthshire,7,Sikh,102
W06000021,Monmouthshire,8,Other religion,519
W06000021,Monmouthshire,9,Not answered,5720
W06000022,Newport,-8,Does not apply,0
W06000022,Newport,1,No religion,68564
W06000022,Newport,2,Christian,68287
W06000022,Newport,3,Buddhist,479
W06000022,Newport,4,Hindu,761
W06000022,Newport,5,Jewish,90
W06000022,Newport,6,Muslim,11280
W06000022,Newport,7,Sikh,415
W06000022,Newport,8,Other religion,739
W06000022,Newport,9,Not answered,8977
W06000023,Powys,-8,Does not apply,0
W06000023,Powys,1,No religion,55971
W06000023,Powys,2,Christian,65134
W06000023,Powys,3,Buddhist,595
W06000023,Powys,4,Hindu,307
W06000023,Powys,5,Jewish,81
W06000023,Powys,6,Muslim,462
W06000023,Powys,7,Sikh,72
W06000023,Powys,8,Other religion,935
W06000023,Powys,9,Not answered,9612
W06000024,Merthyr Tydfil,-8,Does not apply,0
W06000024,Merthyr Tydfil,1,No religion,31322
W06000024,Merthyr Tydfil,2,Christian,23614
W06000024,Merthyr Tydfil,3,Buddhist,127
W06000024,Merthyr Tydfil,4,Hindu,110
W06000024,Merthyr Tydfil,5,Jewish,5
W06000024,Merthyr Tydfil,6,Muslim,289
W06000024,Merthyr Tydfil,7,Sikh,82
W06000024,Merthyr Tydfil,8,Other religion,229
W06000024,Merthyr Tydfil,9,Not answered,3061
